Warehouse_ID,Location,Current_Stock,Warehouse_Capacity,Employee_Count,Demand_Forecast,Monthly_Sales,Backorder_Quantity,Stockout_Risk,Lead_Time_Days,Shipping_Time_Days,Order_Processing_Time,Storage_Cost,Operational_Cost,Transportation_Cost,Damaged_Goods,Return_Rate,Customer_Rating,Supplier_ID,Product_Category
WH239,Dallas,3926,28701,83,484,4893,228,7,8,3,4.766230719,16975,93895,2778,26,6.053951998,3.840976301,S693,Groceries
WH244,Houston,3032,36198,39,5122,4453,288,25,3,6,4.304335324,14052,46847,1535,16,3.886995796,2.113928974,S880,Electronics
WH340,Chicago,4763,22784,49,4343,5956,153,16,5,5,1.030779124,9863,64176,13435,3,7.335160145,4.211437108,S116,Furniture
WH428,Atlanta,2219,13172,35,777,5814,143,15,7,6,2.871244047,15911,38940,14508,39,1.393481491,1.751671489,S431,Apparel
WH202,Dallas,809,39619,67,4756,2279,296,16,2,7,4.060930356,19011,33933,1904,30,4.212666135,4.231919059,S821,Electronics
WH211,San Francisco,3840,32490,20,666,1326,181,19,9,1,0.660006277,9766,30165,807,17,2.411435803,1.110987852,S459,Automotive
WH008,Atlanta,4757,19414,94,4776,6186,237,12,7,7,3.084796536,6995,38284,8901,25,4.195065787,1.010431593,S655,Apparel
WH438,Atlanta,4803,42401,91,2432,5539,172,20,9,5,2.433819851,17954,45299,13519,9,6.010138788,2.449831553,S845,Electronics
WH106,New York,1401,18053,78,2940,1822,205,22,10,6,1.291655711,17284,36265,773,17,3.147317563,4.739126957,S456,Apparel
WH099,New York,4213,31286,58,3732,4608,97,20,5,7,3.099240003,5653,57333,7017,44,3.218993567,2.698892569,S569,Electronics
WH366,Los Angeles,1670,37590,90,1713,2147,123,20,10,2,0.720028939,19542,71498,13230,15,3.949789866,1.610447555,S813,Apparel
WH286,Los Angeles,2208,26580,34,1339,5219,160,15,8,1,3.624469253,13840,95778,12534,31,5.915695635,4.205013315,S560,Automotive
WH023,San Francisco,2635,36191,78,4395,8989,54,23,10,7,3.618599504,7937,73077,14852,4,9.45949963,2.018709113,S603,Groceries
WH428,Seattle,1799,34452,94,484,4671,253,25,5,3,2.128322844,18186,57671,14587,36,7.933189235,1.477426405,S469,Apparel
WH080,Seattle,4041,38531,93,2603,4073,194,8,7,4,4.151248721,15308,92226,4244,49,7.022517246,1.419769536,S103,Furniture
WH191,Seattle,848,11429,64,4701,9842,175,21,7,5,2.211782892,12498,93258,5777,5,5.227020682,3.992986904,S136,Groceries
WH049,Dallas,4357,42128,53,4984,3420,122,24,2,5,1.005586763,2181,40932,8725,3,3.93176923,2.256984921,S759,Automotive
WH233,New York,2443,32242,58,5093,7676,34,22,6,5,3.388189253,6179,80137,2251,50,1.029570845,1.383031106,S201,Apparel
WH101,Chicago,4929,42598,17,2198,7953,159,7,7,2,2.0765024,7843,59285,6764,21,6.961396946,3.456670588,S406,Apparel
WH207,Miami,1463,30536,94,4048,2765,270,17,5,3,2.904957479,18584,77723,14848,8,2.436190747,2.041297629,S637,Furniture
WH369,San Francisco,2314,31325,10,1514,5331,70,9,6,5,3.592180375,12245,81364,10053,11,9.016686095,1.06242709,S549,Groceries
WH179,Denver,3850,25907,16,3733,9416,199,21,2,4,4.392024122,7284,83283,12751,3,8.726997259,3.825005349,S426,Furniture
WH220,Dallas,1542,48600,48,3354,7295,264,23,7,1,4.272494208,2541,36696,713,16,7.826373236,4.310665841,S271,Electronics
WH268,Chicago,2383,39082,26,697,4982,202,14,5,5,2.572007807,19243,84872,10301,49,4.239142047,2.944644228,S636,Groceries
WH196,Houston,4003,14012,84,1225,7111,137,12,2,3,1.302660491,4592,75092,3788,5,3.859126551,1.469343867,S336,Furniture
WH376,San Francisco,3337,28749,61,3349,2070,207,10,5,5,0.800478755,10282,88630,3061,38,4.480422802,3.587775478,S566,Electronics
WH199,Miami,3549,49867,56,3228,9527,188,13,10,3,1.790595457,1083,74353,8062,4,9.707976613,2.139907856,S158,Electronics
WH092,Dallas,936,32410,68,431,7584,61,9,5,6,2.219085521,16534,73884,12558,19,2.152120282,4.870324471,S970,Automotive
WH404,Atlanta,1785,21520,41,565,8992,159,7,2,4,1.184309534,9662,56955,12565,29,3.300761971,3.015149599,S185,Apparel
WH206,Dallas,4646,44144,64,3459,2984,110,14,10,4,4.231301558,14983,88732,1982,22,2.857287373,3.81304998,S585,Groceries
WH021,Houston,1888,30335,99,3795,3884,127,17,8,4,3.05812302,12391,82892,10615,34,1.310921904,4.622931174,S560,Electronics
WH253,Miami,2962,10606,7,552,1392,255,17,5,3,2.974522507,3671,99018,13568,4,9.383940439,4.136936832,S491,Furniture
WH484,Los Angeles,3743,48044,22,410,1897,278,23,5,1,0.641439583,14036,81031,11150,9,0.648957312,1.788342617,S376,Groceries
WH392,Houston,2742,41692,11,4889,5933,129,22,9,3,1.139308629,2294,67455,5421,32,3.692185476,3.147590168,S545,Furniture
WH326,Miami,3837,49681,13,3017,3145,287,16,7,6,0.651247625,7521,54060,4161,5,9.628371283,3.100092506,S276,Apparel
WH335,Houston,1423,49197,96,3261,8668,103,16,2,3,3.030536236,7966,94094,7011,31,1.663350287,3.839613388,S555,Electronics
WH415,Chicago,4568,47783,46,1768,3154,247,12,7,6,2.279379212,11813,97211,546,12,9.733098225,4.274243537,S388,Groceries
WH009,New York,4577,42346,25,1024,8412,229,13,8,4,4.408621821,16029,67329,6976,10,9.619583361,3.133223646,S104,Electronics
WH397,Denver,4372,35116,40,643,8278,35,19,7,1,0.718415833,18146,42195,7702,40,8.157148445,4.163828462,S204,Automotive
WH122,San Francisco,1332,15012,39,1339,3223,190,9,7,7,1.933486811,19964,46106,11533,35,9.516148417,2.55290926,S596,Groceries
WH157,Atlanta,2390,15979,29,409,9800,33,10,3,4,1.613687358,9882,81644,8995,45,8.526445727,4.101969874,S452,Apparel
WH269,Los Angeles,1403,38733,31,4806,6079,274,20,7,7,4.240567246,16907,86006,4024,14,5.92727106,3.84080646,S571,Apparel
WH366,Dallas,1217,33642,85,564,6930,40,15,2,4,1.292301446,13415,64548,14962,1,4.625306042,2.026357067,S783,Furniture
WH459,New York,1295,24041,55,2782,2694,8,23,2,1,3.265891263,5744,60363,2583,19,2.930826554,1.800825215,S286,Electronics
WH302,Los Angeles,2867,29903,69,2066,1220,0,12,9,2,1.339351016,7233,88536,4194,15,6.523684812,3.747210749,S872,Furniture
WH112,Chicago,3120,38594,26,4695,8079,91,21,8,5,2.695718699,2330,56043,1930,47,3.64084092,3.49719159,S669,Furniture
WH428,Atlanta,3337,17790,14,4873,1712,64,23,4,3,4.409161311,17299,33193,2291,4,8.464944949,4.89880264,S810,Automotive
WH361,Dallas,4062,14738,54,1475,4224,66,9,8,3,3.183175864,9524,39957,13636,42,6.228950011,2.773447385,S498,Groceries
WH140,Los Angeles,1449,41388,25,1639,7003,115,20,8,4,0.992195364,13400,60432,1148,27,8.938582936,3.158641905,S278,Groceries
WH005,San Francisco,2474,33661,76,1871,4844,180,23,9,4,1.722718177,4235,44010,3155,15,3.043566174,3.832921048,S498,Furniture
WH487,Miami,3885,30250,44,2529,3921,204,19,9,6,1.094687117,12697,58271,6016,37,9.13285074,4.176466027,S695,Apparel
WH136,Houston,2227,19817,7,3193,5510,194,22,8,7,1.42802019,8826,71473,11062,29,2.186308185,1.464525752,S899,Electronics
WH286,Miami,1443,29712,18,568,5045,76,21,5,7,4.899858696,14945,51904,8595,18,8.761449582,3.63903505,S778,Electronics
WH456,Miami,4451,19710,35,4005,9427,88,10,9,3,0.51501433,9717,71826,12407,9,1.84237285,3.681752251,S686,Groceries
WH192,Los Angeles,2980,11351,5,5034,7397,173,5,5,1,4.921471157,16209,72538,912,1,6.86212708,3.958441132,S293,Furniture
WH162,Denver,567,49954,91,3280,2840,3,18,7,3,0.93239148,15435,36588,5859,8,9.002075986,3.238418043,S134,Electronics
WH341,New York,4529,40101,62,3336,1919,49,16,6,5,4.468831432,5397,79668,12018,25,1.061712092,2.957752805,S260,Groceries
WH490,Los Angeles,2983,35268,42,4731,2513,189,17,7,4,4.335195863,3996,38811,6269,35,6.684995211,3.80041626,S384,Automotive
WH485,San Francisco,2389,42688,96,2700,8949,41,11,5,3,1.073234624,12734,40118,4978,25,6.515364499,1.280230069,S679,Furniture
WH307,Denver,4814,49802,36,3915,4537,1,22,4,7,4.740421474,1114,88519,7525,4,7.02274291,3.122479417,S930,Automotive
WH174,Miami,1935,19330,42,3684,6819,97,7,2,2,4.033047395,3636,37318,5063,33,4.204409861,3.125580475,S161,Groceries
WH099,Los Angeles,1478,33202,6,3535,8811,16,6,7,1,2.579711123,8946,75822,11951,49,3.342924357,2.684157093,S573,Electronics
WH298,New York,4418,43351,83,3948,6836,112,6,10,7,4.428036194,11037,74065,7760,7,8.336853233,3.951950891,S355,Automotive
WH265,Los Angeles,703,12946,12,3797,2756,161,19,8,5,4.557828119,14139,43957,7731,38,9.756787507,4.991848592,S712,Automotive
WH016,Atlanta,1279,15987,82,3723,8315,266,10,3,2,0.551778239,5509,50740,5968,8,7.173624412,1.999504568,S464,Electronics
WH154,Denver,668,21884,24,3671,7308,135,13,2,3,4.10897556,16105,93117,13500,7,2.070335526,3.143725712,S588,Apparel
WH306,Miami,3066,49848,98,3460,3230,117,22,6,5,0.97006531,8552,78996,12597,37,3.3117482,3.09108092,S598,Electronics
WH062,Chicago,1701,29687,42,2243,1481,30,25,10,5,4.768843953,12883,31210,9577,21,1.378813639,4.822211601,S450,Furniture
WH016,Atlanta,4789,34766,27,834,2642,129,22,10,4,2.447829059,17788,80268,10987,20,5.474248613,2.319609279,S699,Furniture
WH155,Houston,1524,30211,37,2820,9598,135,23,4,3,1.965117195,3215,63126,7518,12,4.380518807,4.735659804,S335,Automotive
WH092,New York,3321,40555,66,3652,5103,246,13,2,3,4.477332416,2353,35784,10115,41,2.176464514,1.1381963,S732,Groceries
WH071,San Francisco,4475,12303,61,1326,7782,241,22,9,5,2.043149875,9088,30531,6130,32,7.200827417,4.635351573,S476,Groceries
WH495,Seattle,3126,21943,12,520,1557,48,20,5,5,1.658260792,2075,59269,1571,30,3.086744737,4.662813326,S917,Electronics
WH455,Chicago,1129,27025,41,2613,5385,192,19,9,5,2.907291974,2517,46628,11960,40,6.016837387,4.345494711,S596,Groceries
WH143,Seattle,3330,24801,33,3718,4788,135,8,6,1,4.650512731,15966,30780,14405,29,8.712734324,2.429280204,S217,Apparel
WH352,Los Angeles,1002,22089,8,5141,2300,270,10,10,7,3.416919802,5249,70630,3224,23,4.647341242,1.774983425,S761,Apparel
WH407,New York,2469,14179,6,4680,1013,4,10,2,4,1.087899764,4889,69104,4214,29,3.241580555,4.480384062,S878,Apparel
WH375,New York,2332,45665,32,2569,8226,4,15,7,3,2.315601177,7809,81666,1742,39,2.023357657,4.123565279,S341,Apparel
WH467,Denver,537,33050,19,3634,4624,97,10,2,2,3.623702192,6424,39505,6198,42,5.861226198,3.484430542,S122,Electronics
WH473,Miami,3522,47108,73,717,8818,173,5,10,2,3.970040145,2831,35991,5140,9,3.829251194,1.482086095,S384,Electronics
WH215,Seattle,3895,18812,53,4812,4196,205,14,3,2,0.619509401,5326,63807,5936,34,4.367563067,3.780710453,S552,Apparel
WH022,Dallas,785,12450,76,3253,6067,135,10,5,7,3.04267871,2415,48656,6527,16,2.060185938,1.062904399,S464,Electronics
WH134,Seattle,582,33854,16,979,1756,300,13,4,7,3.217256918,15544,78161,11418,47,3.635471461,1.951644766,S828,Furniture
WH438,Chicago,608,26143,36,5117,7939,64,21,6,5,4.368071329,12294,37319,9850,4,8.973498263,1.936213015,S185,Furniture
WH061,San Francisco,4667,30124,77,1194,4822,41,23,6,6,1.892186972,12415,33599,13679,11,2.982237282,2.717638971,S809,Apparel
WH218,Dallas,1856,23518,70,4009,6460,206,15,7,6,4.115823692,3828,72564,8048,7,9.1406853,2.251087955,S626,Electronics
WH090,Dallas,4959,38363,41,1521,7214,189,13,2,5,4.843627664,1270,46931,2087,41,2.60345653,4.783974743,S279,Apparel
WH072,San Francisco,848,45161,66,4086,5154,161,10,2,1,3.090093373,1335,87409,5088,7,8.464379149,4.79981323,S654,Furniture
WH093,Miami,1650,45743,57,717,1304,184,25,4,5,1.190648644,13382,85842,7065,27,4.341636366,4.695957924,S411,Automotive
WH086,Chicago,895,21951,17,3524,2495,64,24,7,2,1.460569847,6527,51690,5896,43,4.375871675,4.700998194,S605,Groceries
WH057,Los Angeles,4390,42370,56,486,2700,80,6,8,2,3.742421244,3080,72677,14988,0,9.761130562,1.224371134,S862,Apparel
WH087,Houston,1254,12956,86,5127,5073,218,5,2,4,4.686429202,16289,96514,544,34,6.303297318,3.238542676,S240,Apparel
WH486,Seattle,1097,38300,25,4224,2499,296,15,8,3,1.512054682,10261,43503,11559,7,4.238004917,4.108061923,S577,Electronics
WH330,Houston,4556,48929,12,3161,5683,112,5,3,3,0.578969741,3405,51674,14853,6,9.352032489,2.015312515,S612,Automotive
WH343,New York,1620,39214,10,3290,2072,29,25,10,7,1.309214915,8105,69993,10630,23,0.64756782,2.110521389,S981,Apparel
WH480,Atlanta,2264,16832,90,2633,8627,190,15,3,3,2.479592083,16744,97185,7311,38,5.766895805,2.663895218,S534,Apparel
WH466,Atlanta,4416,21769,11,2857,5491,87,6,8,7,3.545752325,16669,45999,2443,10,3.666495477,2.874185416,S310,Groceries
WH349,Miami,1894,45430,35,1961,8297,76,6,5,2,3.968445474,18999,96163,14529,30,8.442895539,2.58935446,S533,Automotive
WH168,Atlanta,1294,22010,5,2072,9674,105,25,3,5,2.007512788,14540,85680,12286,13,5.766948966,3.037074296,S717,Furniture
WH449,Seattle,2484,24642,98,2155,2049,300,11,3,7,4.440275801,3168,92559,11699,1,7.634356346,4.566869375,S837,Apparel
WH211,Dallas,589,48033,88,5164,7324,277,24,6,3,1.995329824,6373,64458,6467,2,2.413013146,3.676674243,S981,Automotive
WH049,San Francisco,2807,46738,67,4166,6136,68,16,3,6,1.786227925,10655,56895,6239,8,1.445209126,1.3945166,S141,Apparel
WH102,Los Angeles,2194,22467,17,2077,5565,62,17,10,1,2.267725646,13135,55474,14564,25,3.172775246,1.413834815,S337,Apparel
WH091,Atlanta,2669,23036,77,5200,6850,146,5,10,3,2.011125962,13529,82513,12864,33,4.772863751,3.537690872,S860,Electronics
WH239,San Francisco,1404,35073,69,3278,3125,241,16,4,3,4.222071917,5339,72802,9222,25,1.260143677,2.197666033,S679,Apparel
WH060,Chicago,3911,18379,82,1299,9317,224,17,7,5,3.364371645,5090,37255,5452,37,3.772187107,4.613700046,S713,Automotive
WH491,Houston,566,28078,58,4274,9864,198,22,3,7,2.276965731,14358,41020,9193,11,3.072119392,4.577625186,S248,Groceries
WH199,Atlanta,2677,47231,16,3594,7549,201,9,9,5,0.867323113,8493,93093,3125,9,8.895301461,2.813322792,S319,Electronics
WH092,Miami,1330,41005,95,1433,2447,255,15,9,7,4.364866508,7917,57086,13814,13,0.925195383,2.669654185,S138,Furniture
WH401,Seattle,3759,41287,98,1018,6247,124,17,3,3,4.655423981,4925,60495,11217,40,9.676906601,1.752822709,S810,Apparel
WH440,San Francisco,3296,34858,40,3925,4216,159,14,2,5,4.150798559,2509,31611,2403,45,1.606366717,3.815167434,S429,Groceries
WH269,Miami,1573,35387,69,2459,5249,249,6,5,6,0.56023586,17511,44851,14135,22,9.400063276,4.991261774,S863,Apparel
WH280,San Francisco,3364,11340,70,3219,7808,150,9,10,3,1.667338582,16014,72445,5555,17,0.726130996,4.620090025,S396,Furniture
WH224,New York,2460,25172,15,509,5160,247,18,4,1,3.22595929,19245,51625,13942,25,3.452301737,1.772772062,S634,Automotive
WH195,New York,833,46936,35,3175,5369,20,6,4,3,1.611941945,11659,95174,13600,29,6.910683212,2.753405882,S346,Apparel
WH242,Atlanta,3010,47303,47,1765,7756,245,18,2,1,1.434040342,14519,34994,9948,45,1.834622098,1.909150936,S136,Furniture
WH375,Denver,4991,11753,52,3810,7625,120,15,7,3,1.330884676,1898,89876,8285,49,5.397408372,2.280281593,S372,Automotive
WH099,Miami,4998,35815,78,1200,6075,256,16,9,7,0.759994934,2792,64791,11106,47,5.714418205,3.862282198,S411,Furniture
WH216,New York,2492,49704,65,2973,2441,283,23,9,5,2.634885055,8597,47857,676,36,8.661110256,1.220470669,S201,Apparel
WH187,Atlanta,1298,20213,27,4148,2619,24,10,10,5,3.15406857,10252,70464,6489,8,4.966517084,4.654195346,S684,Apparel
WH434,New York,3535,27446,27,4561,9752,6,19,8,7,4.764602638,4070,66003,2268,33,6.965126934,2.899379272,S677,Electronics
WH388,Dallas,2595,13371,60,4478,7212,166,23,8,2,2.729360401,5624,36726,6640,27,3.876420577,1.22750206,S813,Electronics
WH044,Miami,1697,44716,30,3299,8936,47,17,4,5,2.57701887,6489,87372,14212,31,4.131810748,1.638019774,S501,Groceries
WH471,Chicago,1312,43037,93,3307,1605,73,24,6,5,0.694926719,11793,96271,3716,18,7.588369271,3.422899866,S136,Groceries
WH162,Seattle,1443,23449,38,1157,3327,259,18,4,4,0.987178441,18784,76947,11728,20,6.904049182,1.263026263,S109,Automotive
WH197,Seattle,3327,28103,30,3799,1450,36,13,9,4,3.444852049,10754,34130,1809,5,3.583126697,3.350975262,S309,Furniture
WH007,Miami,3165,17714,46,4971,7138,38,16,9,4,3.305863496,15161,98563,13676,37,1.505462167,4.480919464,S312,Electronics
WH124,New York,1340,33504,12,2971,5874,140,25,6,7,1.05704123,9168,79393,1607,20,7.417042139,3.957751964,S819,Automotive
WH343,Denver,857,33036,44,4872,1948,82,21,7,3,0.913687562,2440,66122,8450,27,6.179871077,1.137067605,S771,Apparel
WH466,San Francisco,2791,49896,43,3728,4632,2,6,10,5,2.981565808,7065,53951,557,26,0.885939072,1.618922934,S211,Groceries
WH127,Miami,2334,30756,100,5100,9465,125,6,7,4,4.293963592,13127,77838,1215,44,4.299181282,1.443760989,S347,Electronics
WH156,Los Angeles,2798,22257,81,1481,8115,292,23,6,4,4.894737957,1110,30568,5314,10,6.806793112,2.338046671,S920,Apparel
WH079,Chicago,4813,30328,40,2247,7205,206,14,6,7,4.197616819,11105,58707,3728,48,4.566706751,3.768307775,S491,Apparel
WH022,Houston,2651,26441,83,4180,9713,216,5,6,1,1.743339948,16376,40114,3721,37,2.575204869,2.188437891,S571,Groceries
WH270,Dallas,532,48750,53,4281,6644,279,11,8,4,3.482295939,18999,87888,9465,8,1.514175873,1.503878911,S184,Furniture
WH263,Los Angeles,2607,10928,37,4256,6189,137,13,3,2,4.389174887,15210,94791,10826,1,2.489233291,3.349496436,S892,Apparel
WH466,Los Angeles,3954,10369,86,4082,2398,283,13,7,2,3.431586763,5264,86732,2813,22,5.442030994,2.316201684,S219,Automotive
WH254,Dallas,3708,36428,23,2235,6759,98,17,7,5,4.245877681,7985,36749,9161,35,6.026154882,4.251698802,S521,Furniture
WH141,Denver,980,15824,52,2070,8159,70,18,7,4,4.039975792,10856,96843,12927,41,5.638568989,2.040123106,S119,Automotive
WH295,Denver,1834,12488,6,1077,4210,164,16,7,7,3.14696178,10894,37429,10745,12,1.759674519,3.9023093,S396,Groceries
WH050,Seattle,4324,46359,89,1831,1393,70,17,3,4,1.128081446,14236,43981,13470,5,7.10933958,1.744904539,S921,Groceries
WH228,New York,2548,44370,88,4355,4284,248,18,6,5,4.771542168,8185,95645,5267,18,6.609676066,1.964183629,S558,Groceries
WH125,Denver,3380,23744,85,5055,5544,146,24,6,4,2.231177411,13811,66402,9053,4,8.511802042,1.288326402,S735,Groceries
WH006,Atlanta,1314,15353,31,4858,3448,70,18,5,2,2.172352225,16110,42837,7856,42,5.843548805,2.868405401,S955,Groceries
WH043,Miami,570,16459,62,4885,4262,61,7,4,5,3.219613815,19635,57506,13095,1,4.218476445,2.932320275,S167,Groceries
WH250,San Francisco,528,30525,36,1982,1513,49,9,2,1,3.635329564,18993,80086,7758,34,2.151403779,2.585306772,S230,Groceries
WH306,Houston,4942,46227,20,4080,9609,102,25,5,3,3.925919436,9557,44339,8166,37,0.506755335,1.249607484,S210,Groceries
WH018,Miami,2482,24140,70,516,2238,292,17,2,2,2.303450971,15962,79112,4290,23,1.762951335,4.088770745,S491,Apparel
WH055,Dallas,3790,18187,31,2904,3819,248,13,8,4,0.788354502,16069,80868,12253,49,6.447282385,4.699026273,S929,Groceries
WH454,Los Angeles,2838,41612,22,3097,1932,9,24,4,5,3.239840829,2593,52345,12276,33,3.161294892,1.223373881,S856,Groceries
WH178,Atlanta,1055,13099,99,3915,6077,283,16,9,1,1.378647727,12517,93626,8893,37,3.193341333,2.606415416,S917,Automotive
WH486,Seattle,2163,26467,59,4952,3870,160,10,7,6,0.904423989,18771,63033,5622,49,7.788806685,3.996709577,S768,Automotive
WH107,San Francisco,3237,24438,7,4641,8491,136,18,5,1,2.371239115,17255,89202,12267,8,7.636075282,3.93563281,S218,Automotive
WH242,Miami,1440,40012,67,1135,2917,49,22,2,2,3.746115605,18694,64823,5063,8,9.613737534,3.371661486,S471,Apparel
WH353,San Francisco,3119,46381,8,4223,5461,71,7,2,7,1.948365851,6415,34027,861,38,8.49210983,2.494557725,S763,Electronics
WH477,Miami,938,13574,63,4245,7383,209,23,5,4,4.569937275,11663,52190,7327,14,4.314258634,2.661148868,S601,Automotive
WH189,San Francisco,783,33885,71,1310,2030,257,5,6,3,2.342681367,1985,97457,6261,23,1.014460329,2.151291747,S733,Electronics
WH097,Houston,4588,15219,26,4176,9762,238,15,2,3,2.280259134,5923,73887,7977,26,6.335227604,3.189628988,S744,Electronics
WH174,Los Angeles,2771,45941,91,4542,8717,190,8,10,1,1.277413582,17813,89581,9555,34,6.994702733,4.149458958,S508,Electronics
WH153,Atlanta,3630,16306,25,956,3023,96,7,9,7,2.741681706,10185,45897,14293,41,5.330618321,2.577514248,S517,Apparel
WH334,Los Angeles,4069,37238,14,1971,2308,121,11,5,4,4.038621487,12903,41108,7918,24,2.190833818,1.084597551,S456,Groceries
WH082,San Francisco,4892,15458,6,1083,5580,9,19,7,5,3.672574028,14880,97049,14212,49,0.897535275,1.180772973,S183,Electronics
WH125,Seattle,1085,34914,41,3932,5896,271,10,2,1,4.531215736,15079,31964,12423,13,0.9841135,4.854329605,S539,Electronics
WH347,Seattle,1133,37204,51,3203,2526,129,17,2,1,3.401717619,7396,85331,11618,33,5.039495031,4.472942626,S395,Apparel
WH425,Dallas,1070,29777,70,4667,9375,28,15,5,5,3.496331761,8675,94026,5657,1,9.107077961,4.253821658,S466,Furniture
WH153,Seattle,2783,34966,91,3089,5599,210,20,6,4,3.853219687,9430,31379,7684,32,5.177985873,4.144548806,S147,Automotive
WH458,Dallas,2956,34314,73,591,8829,197,11,7,4,3.308230485,19128,68101,9077,37,5.851436734,3.895181315,S816,Apparel
WH362,San Francisco,1105,44544,22,1494,8357,131,16,4,7,1.32104815,4098,86457,7715,3,1.455177226,1.406863888,S396,Automotive
WH185,Atlanta,4025,22903,46,1348,2457,249,6,3,2,0.71972216,1778,32278,4901,5,6.893959056,1.22625355,S134,Automotive
WH254,Atlanta,4276,25956,54,3468,6997,122,16,10,1,3.560400811,1174,44679,14281,6,1.185299633,1.790688645,S410,Furniture
WH472,New York,4067,40549,46,2378,8284,226,8,5,7,2.694899109,17999,55131,12708,12,7.807269761,1.678518032,S214,Automotive
WH315,Los Angeles,2253,17822,74,2408,9539,61,5,7,4,3.935153367,14959,78804,4780,42,1.609419971,4.145083253,S722,Furniture
WH233,Denver,3633,40696,33,3446,8647,278,5,10,4,4.680226191,5691,80642,2231,3,9.480227209,1.871207719,S398,Furniture
WH039,New York,4625,37574,18,2143,6810,20,19,4,1,3.735176492,5501,77994,11572,2,9.386046474,4.339697397,S711,Groceries
WH378,Denver,3385,14836,28,3251,6447,175,5,5,4,1.378266896,12091,46917,8644,0,9.526772643,2.683638299,S586,Automotive
WH082,Dallas,3756,48455,18,1623,4363,276,25,8,2,4.841622118,5138,83069,12163,43,6.291763381,2.345213526,S801,Apparel
WH010,Atlanta,853,13624,88,4822,7854,241,25,2,6,2.901103809,8451,30777,6198,40,4.608665814,1.245981622,S616,Furniture
WH232,Los Angeles,1999,20435,33,4340,4602,265,25,10,4,4.093949325,6118,59472,12838,36,4.456751694,4.556409374,S365,Furniture
WH205,San Francisco,4855,29113,68,4555,7850,35,13,7,6,3.158681815,5476,44452,3787,10,1.405207471,4.64492975,S450,Apparel
WH236,Atlanta,4793,40975,92,4845,7472,79,6,4,5,2.493734079,8669,76581,5610,35,1.68785605,3.661938244,S511,Apparel
WH331,San Francisco,2710,33721,86,2793,5156,227,22,7,2,4.147032732,5159,40686,9866,30,5.687013356,3.161993502,S857,Electronics
WH221,Dallas,4693,16068,19,2590,2077,106,9,6,2,3.687660635,12663,68367,13144,12,1.122296472,3.202202115,S923,Apparel
WH420,Denver,3177,38501,28,3658,4728,131,11,9,6,2.2288976,15641,51099,12475,4,3.228079421,4.705196817,S334,Automotive
WH178,Atlanta,2897,41563,24,5133,9032,144,12,10,5,2.995728111,15830,55488,13589,49,5.727325543,3.966267629,S840,Automotive
WH009,Atlanta,3113,42738,19,639,5139,29,21,3,5,0.682362961,1938,73388,10983,0,2.348518767,1.211635095,S520,Groceries
WH266,Miami,4262,21690,9,4453,4193,16,20,4,7,2.016806077,16433,47772,1907,15,9.410102652,2.408625701,S644,Automotive
WH054,Denver,562,10919,86,2584,8087,216,22,7,7,0.893441939,17110,70573,3204,2,3.923041346,3.614312955,S342,Groceries
WH297,Chicago,1377,22061,75,3852,4851,275,13,10,2,2.572734844,7161,32573,13990,9,4.984775575,4.027067674,S940,Furniture
WH068,Chicago,3237,22298,44,4628,8869,95,15,2,2,2.303096897,2024,82698,5966,39,3.536446595,2.562071465,S325,Automotive
WH496,Miami,4862,45518,62,4621,2900,264,5,10,6,1.11754098,13888,87939,8672,41,9.409925345,1.857498039,S804,Apparel
WH478,Houston,789,43927,65,1746,3171,254,23,9,6,2.742364808,5602,79365,12965,9,9.315235139,3.781758014,S453,Automotive
WH129,Seattle,3104,25046,58,4771,3050,172,25,2,2,3.303165259,18888,80079,9374,19,9.623081771,4.142530633,S187,Electronics
WH093,Atlanta,1435,16295,13,5167,6151,114,18,10,3,3.495540723,3196,53504,14151,44,1.648887248,2.716451559,S868,Furniture
WH414,Chicago,4473,17183,17,2730,3435,87,21,10,7,4.7072219,2226,32188,9199,14,1.383759693,2.142700106,S557,Groceries
WH100,Los Angeles,1859,29322,59,4489,9634,269,23,5,4,0.505159476,18781,34451,7428,47,3.206536022,1.102064317,S211,Groceries
WH013,Miami,4214,44903,35,2516,2027,26,8,5,7,4.116614316,18844,46897,8447,12,7.62078953,4.688042159,S998,Furniture
WH422,Los Angeles,3561,37169,50,402,2809,125,9,10,3,3.893007702,12529,53249,8799,2,8.874503241,3.219685999,S890,Automotive
WH287,Dallas,3298,10604,19,408,6968,149,9,7,3,2.75537838,5177,32024,10228,30,7.884325486,3.281601558,S971,Groceries
WH054,Atlanta,2677,13407,93,4517,8398,228,15,7,5,2.503452682,19481,88414,4614,3,5.429731239,2.019250524,S924,Electronics
WH258,Houston,1665,30826,74,1457,1525,58,13,2,5,1.183463665,10751,56498,14777,31,4.362674872,3.073135426,S669,Automotive
WH136,New York,4421,27494,86,3181,1038,236,11,10,5,3.848050548,19822,47922,10759,35,7.84950144,4.18218957,S851,Electronics
WH312,Dallas,4808,46284,39,1153,9223,238,19,10,6,0.82622033,16981,34386,11539,19,0.785529324,3.70738227,S471,Groceries
WH483,Miami,583,33922,23,3301,4534,298,21,2,6,0.8340031,7619,45378,14413,13,2.208844549,1.436325711,S498,Automotive
WH307,Chicago,2535,38167,44,670,9709,64,7,10,5,2.392929788,2813,86852,9918,15,1.469760507,2.788001508,S105,Electronics
WH096,Denver,876,42787,44,4572,1549,164,21,8,4,4.737408839,16048,51273,12204,31,4.378774438,3.676212319,S529,Automotive
WH037,Houston,1389,16071,18,1881,2669,2,17,3,2,2.738094465,5523,48242,4816,45,1.126094208,4.512628245,S860,Apparel
WH319,Dallas,3321,44887,71,3357,4167,245,16,9,1,3.668513114,2797,64265,9671,12,2.629330282,3.404088117,S709,Furniture
WH039,Miami,874,11714,38,3644,7033,80,8,7,3,2.701237622,8626,87744,3739,48,7.269622657,1.295608615,S724,Furniture
WH379,Seattle,1431,33343,60,4199,2413,96,8,5,4,2.960442684,7383,73889,6215,36,1.952912959,3.849948405,S537,Furniture
WH165,Dallas,4585,10927,59,1133,7346,15,16,7,2,3.061060258,7768,59096,3878,24,8.122255481,2.712056291,S255,Apparel
WH228,Dallas,3000,17122,93,2800,3022,241,17,7,6,2.073407129,4512,68570,14576,39,1.725689706,2.077692875,S549,Groceries
WH095,Denver,4376,15561,96,3250,2486,44,12,9,4,3.75068419,18118,92958,2657,50,2.170777758,1.906401479,S428,Furniture
WH458,Seattle,1930,11992,62,1690,4275,3,14,2,5,0.835235957,10108,59326,558,22,1.021860731,2.291869361,S305,Apparel
WH111,New York,1306,10857,12,2568,7126,292,6,4,1,1.720847232,14934,99648,5552,24,5.418592417,4.200947305,S417,Apparel
WH063,Denver,519,46938,23,4714,1845,127,13,10,7,2.56344944,13318,48320,3878,50,9.643661998,4.354149554,S782,Furniture
WH195,Miami,1618,31711,33,499,6348,65,5,8,3,3.327310733,4840,76517,7402,50,6.979741513,3.872925131,S746,Apparel
WH033,New York,2148,40292,88,3006,9780,267,18,8,6,2.49834742,17468,78909,13194,22,9.267905021,1.614699523,S779,Apparel
WH290,San Francisco,1252,38812,34,4500,1988,274,17,3,4,3.151417196,18418,70261,12601,17,6.033220545,3.30698139,S111,Groceries
WH033,Denver,1877,23562,47,1816,9526,169,7,2,4,4.247775336,4158,67582,862,39,8.731866696,4.109156309,S996,Electronics
WH492,Dallas,4910,23954,48,2192,1004,66,18,10,6,4.834405253,13725,80267,8905,5,7.402858602,4.700883132,S508,Groceries
WH196,San Francisco,4812,10905,75,751,2245,108,21,10,6,2.995534915,18866,33970,7405,10,5.924001563,3.023004541,S813,Electronics
WH054,New York,3234,18257,61,4239,8678,74,17,8,7,3.37067033,18102,53723,8880,41,6.243344099,4.161418912,S156,Electronics
WH462,Atlanta,3142,18089,86,2856,3289,223,15,9,4,2.67772825,19529,97968,7146,15,2.426145102,1.828944182,S728,Automotive
WH221,Chicago,4943,11235,28,3956,5874,76,15,4,3,0.774531201,7855,93573,14611,44,1.734219318,4.332292857,S697,Electronics
WH251,Denver,3252,26329,84,4110,7620,268,23,9,1,4.231503634,2308,31002,9978,34,4.90407045,4.39178554,S244,Apparel
WH118,Seattle,2936,12727,56,1810,2984,260,15,7,1,0.971550172,1632,85788,12062,41,5.255492602,2.084627519,S871,Electronics
WH358,Houston,1336,41200,65,2299,6728,270,16,3,7,0.863903696,3103,58287,9223,5,4.665251033,3.334094526,S207,Automotive
WH225,San Francisco,2338,49023,64,2984,9782,249,16,5,6,3.89735631,13849,99158,14520,8,7.300319872,1.764712758,S273,Furniture
WH353,Atlanta,1817,39379,96,5158,5974,158,18,7,3,3.470672502,8720,80216,13741,11,6.361999198,4.439038583,S968,Groceries
WH420,San Francisco,3889,39899,21,4046,4067,149,20,2,2,4.715296744,19918,66747,1522,7,7.868701787,4.406759226,S595,Apparel
WH239,Miami,2435,46320,29,3823,3797,25,15,10,1,3.469364787,6255,55720,7436,24,3.163697658,3.789322232,S284,Groceries
WH491,Miami,4508,10464,75,2131,5076,110,11,5,2,1.804647089,13887,72094,5737,6,2.574709048,4.605613554,S232,Automotive
WH465,Houston,4939,29356,23,2881,9078,137,14,10,6,0.534061746,10599,82802,951,27,1.29189318,4.194979732,S505,Groceries
WH439,Dallas,3555,40412,91,4504,4434,141,16,5,6,3.25061522,4257,49831,7568,45,6.805738657,3.567064375,S925,Electronics
WH422,Miami,1219,13414,23,4620,3844,274,12,8,4,2.947869738,2093,87187,8128,49,7.146980659,1.4941283,S138,Automotive
WH162,Chicago,2737,42643,78,1503,6939,0,17,5,3,4.454161447,7212,72351,8668,46,4.059557449,2.505662813,S256,Electronics
WH381,Los Angeles,3835,22411,15,969,3646,77,5,9,2,4.935029276,6006,62446,6845,18,5.120439655,1.004825484,S325,Furniture
WH433,San Francisco,1011,34918,48,4060,3308,258,21,5,5,3.417961865,2038,76238,14626,46,7.173437635,2.411667413,S963,Apparel
WH417,Denver,3017,41470,58,3410,5507,242,16,7,7,3.810683966,15077,95929,13522,44,9.440451051,1.233260128,S365,Automotive
WH271,Houston,2190,39709,71,4409,3787,80,21,5,7,4.706867146,11486,99472,4392,13,1.170620771,3.318058985,S891,Furniture
WH349,Los Angeles,2308,49852,31,724,3727,240,16,5,1,4.904813561,12760,92173,11568,36,9.992465129,2.887422394,S273,Electronics
WH026,Houston,1992,16817,37,4773,4612,107,12,5,4,1.793350418,11598,36291,10070,48,4.670677887,1.698421828,S219,Groceries
WH347,Atlanta,1284,14075,10,4240,8173,172,24,8,5,0.751932528,3025,91504,12889,31,5.201192274,2.394329745,S898,Groceries
WH219,Dallas,3921,42770,13,4064,7361,99,16,10,3,1.095776687,11017,46284,1729,45,9.992382013,3.08097123,S648,Furniture
WH444,New York,2214,15788,52,1757,9432,233,25,10,7,3.128658765,10598,34912,3113,48,2.08607099,2.077822268,S677,Apparel
WH393,Denver,3352,45742,44,1825,7382,48,8,9,4,0.857172107,6788,65532,11258,16,2.598940523,4.06815156,S403,Automotive
WH121,Dallas,4422,31151,26,3216,8910,179,19,3,6,1.704513765,12442,51038,3752,34,7.908228411,4.564097867,S596,Automotive
WH366,New York,3904,26040,36,1956,4401,277,16,6,6,3.552024618,3997,96162,1846,34,6.061995903,3.484360599,S473,Groceries
WH420,Houston,778,33230,69,4266,6029,291,18,6,5,1.772902038,18911,36339,2535,15,3.200163997,1.63403837,S645,Furniture
WH324,Los Angeles,1691,19745,12,4729,1842,205,24,4,5,1.20288409,19929,98302,14181,6,9.751962347,4.226509697,S501,Apparel
WH363,Denver,3150,28836,67,4731,1253,142,17,9,4,1.461634704,18445,52286,4379,10,6.153968643,4.331673334,S612,Electronics
WH030,New York,3930,36144,34,1197,9448,214,13,10,1,2.583968438,3341,66480,6868,36,8.334399681,3.605264507,S123,Apparel
WH119,Miami,1100,28489,74,2919,5735,147,16,9,5,4.508077237,5217,79205,14484,36,7.684174013,4.629416285,S795,Groceries
WH314,New York,794,25387,9,2163,1448,97,11,8,6,3.847996064,5083,93008,5620,41,1.072323196,1.549873627,S443,Groceries
WH436,New York,4553,32777,8,955,4390,5,7,5,7,2.77101314,11404,77040,2328,22,2.541941988,3.85742776,S989,Furniture
WH390,Dallas,3530,15844,28,1066,2204,277,19,8,1,1.195314911,11824,68576,13391,7,9.381691655,4.262431387,S927,Furniture
WH204,New York,4161,27050,50,4769,7505,98,25,2,6,4.846602062,4514,64773,2645,46,5.889543245,1.57200832,S364,Furniture
WH032,Atlanta,3103,19103,14,1480,9252,131,13,8,3,3.025161595,7872,79160,1947,0,8.186045361,1.081887176,S386,Furniture
WH313,Chicago,2208,23458,89,1610,8124,72,11,3,7,1.420225818,16194,34878,1647,47,3.387565891,1.392034757,S612,Apparel
WH187,Dallas,1010,14077,23,4507,3900,271,20,5,6,2.524264565,12042,61693,5816,9,4.668143781,3.058196868,S488,Groceries
WH490,Los Angeles,1734,42089,67,3809,1535,164,7,10,5,4.595209994,19944,85301,8555,37,6.015609742,3.186984423,S387,Groceries
WH396,Los Angeles,4689,10597,79,620,2833,144,9,7,2,4.108624404,19812,96508,13221,8,8.824586438,2.741325672,S142,Electronics
WH075,Houston,2578,47323,79,4206,5971,153,8,2,4,4.515413487,11323,73583,11581,11,7.36451672,4.173010881,S771,Furniture
WH257,Houston,839,41031,90,2010,4652,289,13,10,1,1.535645663,19979,69694,13698,26,7.649802841,2.07939042,S708,Apparel
WH380,Denver,1295,10776,12,1850,7556,45,6,8,2,4.152378858,2975,86908,2045,6,4.04198062,2.891640218,S873,Automotive
WH286,Denver,4552,22787,98,2103,7955,143,19,10,3,1.770285855,4803,74330,1858,41,3.864810198,2.109401088,S454,Apparel
WH076,Houston,2468,20971,100,1696,8653,113,17,8,2,1.409073297,7064,73989,8104,23,9.627709785,3.56871577,S635,Furniture
WH387,Atlanta,2420,16208,54,3470,2840,50,24,6,6,4.907269904,16299,32599,10144,2,9.24400149,3.274825876,S872,Groceries
WH342,Los Angeles,802,42957,86,1651,5708,34,25,5,5,3.840250627,11639,98483,14914,28,7.202271729,3.701300824,S928,Furniture
WH453,New York,1322,42688,44,4183,6710,299,13,9,7,3.276076045,4554,73377,936,33,7.01440767,1.161784961,S434,Automotive
WH473,Atlanta,4966,25568,77,4469,8446,227,5,10,7,4.379972845,18319,33179,7078,32,8.291569101,4.27525109,S181,Electronics
WH195,Los Angeles,2482,47194,95,1780,3562,222,12,9,6,0.705523282,1901,74035,12651,13,7.118490486,3.148438484,S188,Automotive
WH419,Seattle,4615,28007,57,2767,9618,13,14,7,3,2.375159432,3193,57295,9014,36,4.356989297,3.754177993,S112,Furniture
WH315,New York,1864,49764,28,4837,4968,138,5,5,1,1.400095574,6405,82497,8691,16,1.536716572,3.94805379,S709,Furniture
WH397,Atlanta,1594,10576,67,2760,2433,129,9,2,6,3.718506497,14648,98567,14169,19,8.225946267,4.561284602,S813,Apparel
WH492,San Francisco,1967,21377,7,442,5005,75,6,7,1,2.195862454,3361,34205,9361,39,5.268478282,3.614909378,S287,Furniture
WH040,Houston,863,25078,18,4365,2078,201,10,5,7,3.241457302,11949,31316,11131,41,2.493200356,3.845446886,S153,Furniture
WH109,Denver,4748,35955,56,4753,2960,116,16,3,6,2.88218334,19702,67320,9406,26,5.72493879,1.920054587,S193,Groceries
WH104,San Francisco,3963,15192,29,4359,7022,228,19,8,4,3.680100359,5196,95995,11137,46,7.211697756,4.56831427,S732,Furniture
WH129,Miami,4049,34165,6,3732,8796,78,13,6,2,2.987334538,15396,64539,9246,32,4.877972884,4.789042119,S461,Automotive
WH430,Atlanta,680,15155,98,3984,1825,47,11,2,3,2.21044708,9438,91042,4296,27,8.816115861,3.357287538,S381,Automotive
WH389,San Francisco,2172,47296,14,3321,8783,201,9,2,5,1.747484223,19538,60429,10792,22,3.062882015,3.637114219,S902,Automotive
WH086,New York,2160,41232,36,1085,1418,18,5,9,5,1.206011031,5883,66793,6290,21,7.286765626,1.585129567,S897,Apparel
WH023,Atlanta,4279,18979,50,3822,6007,221,10,4,6,3.562567711,2775,91635,8483,48,8.047765808,3.960474932,S133,Furniture
WH242,New York,3212,12761,12,2993,4836,53,17,2,5,1.919942758,2360,47222,10103,2,8.370876894,2.6744045,S485,Groceries
WH320,Houston,2420,42442,7,2840,2670,282,25,2,7,2.977134529,2183,62394,13272,46,4.530270796,4.541138933,S915,Automotive
WH296,Seattle,1762,37245,91,3916,5329,16,13,2,4,2.987256761,19475,36091,12567,31,6.416783114,3.493669441,S746,Automotive
WH012,Seattle,3842,24667,31,4266,6678,68,9,5,3,2.960294908,12490,54664,11557,11,4.465614681,3.045213121,S377,Electronics
WH035,Chicago,3929,43657,12,3188,9632,13,7,10,6,2.716825509,5616,93280,14651,32,4.289734236,3.400075477,S287,Automotive
WH093,Dallas,4224,24435,75,3596,8200,297,22,2,1,2.370054754,10588,63818,8540,36,5.289006335,2.646877298,S867,Apparel
WH098,Dallas,3418,38426,58,5130,3468,135,11,6,3,1.440203816,18176,97235,3251,43,1.337623353,2.098499914,S670,Groceries
WH124,New York,2550,23986,85,2544,7192,38,18,5,4,1.489777047,7744,43064,13724,32,6.179666013,1.351459194,S593,Furniture
WH183,Miami,3442,47664,54,3997,6003,28,18,3,3,2.648753848,5117,34794,8157,26,7.034610803,3.81056039,S121,Electronics
WH426,Atlanta,2998,37264,80,658,8622,52,19,10,2,2.470572042,13469,43556,6482,15,7.861706326,4.263083671,S375,Electronics
WH424,Seattle,1645,47552,40,1998,1803,167,13,7,4,1.917564835,10090,85144,9488,47,7.341778088,3.784353521,S339,Electronics
WH279,Los Angeles,2279,17432,69,1715,5390,29,19,3,6,2.976805287,5887,51798,1238,39,7.271054631,2.89638638,S474,Apparel
WH401,Houston,3631,25878,94,4761,1238,63,23,9,7,3.398706879,3896,85798,11847,43,4.56538942,2.372871372,S350,Apparel
WH187,Dallas,2756,39303,85,4440,7713,126,16,4,5,3.54801609,5345,91702,3013,33,4.640103407,4.449951493,S674,Electronics
WH411,Denver,2005,25644,32,621,9068,290,12,2,4,1.047234569,12799,38148,12305,42,8.288989103,2.168571267,S195,Groceries
WH026,Chicago,2042,13881,73,2627,4488,203,12,6,5,1.305304607,2691,55853,1893,50,4.18198688,3.573174689,S944,Electronics
WH268,Seattle,3150,11336,82,4897,4681,79,10,9,2,2.25956247,16865,92424,12202,14,1.323294698,3.297342468,S690,Automotive
WH436,Houston,3431,32555,90,3271,4605,48,11,4,3,4.339924876,4215,98150,6391,50,3.717720086,2.717786919,S955,Apparel
WH256,Houston,4169,44285,24,4979,6683,61,15,8,6,2.677692892,17836,79750,1355,26,5.211208088,1.177555293,S539,Groceries
WH290,New York,1498,27015,57,3928,5884,215,22,3,3,3.23282632,17774,73515,1468,10,7.814388591,2.909715395,S827,Apparel
WH480,Los Angeles,3929,45860,22,1419,3793,222,15,7,3,1.634700056,7257,96829,7188,0,3.314056361,1.198509338,S566,Apparel
WH020,San Francisco,2734,41700,92,4605,9663,195,20,3,3,2.389876579,14331,94845,8580,40,0.897086306,4.150531691,S810,Groceries
WH017,Denver,4576,38381,42,1341,3262,130,6,2,6,4.282557845,12369,52507,11657,11,2.356135204,2.425328007,S696,Apparel
WH325,New York,4863,21317,34,2479,5514,20,15,6,4,3.44656861,9460,61482,11887,10,3.981398637,4.057322749,S147,Groceries
WH304,Los Angeles,3206,49752,45,3987,9928,98,23,2,2,1.286769648,2529,56759,6603,29,7.357488213,2.858419032,S739,Furniture
WH315,Chicago,2679,43969,33,2355,5352,60,10,4,1,2.696695605,17067,85536,8262,47,3.587049515,2.912918175,S512,Apparel
WH179,San Francisco,4703,22122,51,3631,5077,15,5,3,4,0.733670633,7430,55573,9719,34,1.348960165,1.444604161,S690,Groceries
WH205,Houston,4789,24608,57,2629,1150,125,18,10,4,1.877304039,2315,67902,5798,20,4.252128866,4.575927135,S844,Groceries
WH005,Atlanta,2865,35251,13,5093,2701,22,14,9,5,2.523635435,3425,50857,7300,0,1.862565985,4.039106088,S617,Apparel
WH100,Atlanta,4348,36544,85,3191,6065,181,9,4,3,0.639256101,3673,60499,4952,50,6.620696561,4.271051885,S145,Electronics
WH326,Seattle,1689,38198,75,5061,3417,171,12,9,2,1.52711494,8814,37440,3819,23,0.572846958,4.351889886,S414,Groceries
WH233,Houston,1799,21097,91,4048,7128,10,22,2,3,1.559078399,2115,39231,6205,20,1.172217244,1.627918321,S415,Furniture
WH277,Los Angeles,4884,28549,18,3184,1966,113,6,5,4,2.460037343,16441,48757,14887,10,0.664965972,1.394510054,S710,Furniture
WH440,Atlanta,2943,11290,61,3759,5491,88,17,4,4,2.781952738,7098,84467,11675,17,5.725853743,1.06848156,S858,Automotive
WH077,Miami,4930,18352,35,1596,5159,293,16,9,6,3.024742875,11701,65180,13753,30,1.226637143,4.746088492,S999,Apparel
WH478,San Francisco,1233,27791,55,5175,9533,232,16,6,6,4.695794007,18878,49703,3668,34,3.339619113,4.831641704,S466,Electronics
WH402,Seattle,674,26141,64,4623,4972,228,14,5,1,3.882602249,15403,82542,9039,6,4.357942439,1.233062802,S954,Automotive
WH341,Houston,3722,13998,27,1745,3781,91,10,4,2,3.84107172,15719,67201,12369,15,4.759903196,4.795935041,S361,Electronics
WH258,Miami,1503,48675,67,4215,7511,13,18,4,1,3.170284933,11230,61767,5869,9,1.879906211,4.410955472,S209,Automotive
WH119,Atlanta,3386,23075,56,3306,2230,219,15,2,7,3.566882647,4455,73834,7674,0,3.375002952,1.939978335,S538,Furniture
WH068,Los Angeles,3513,20332,92,3170,7359,273,19,4,3,0.657614549,4948,53542,5074,43,7.530401119,2.170646588,S599,Electronics
WH031,San Francisco,1343,46795,19,848,9625,2,12,10,1,0.568792138,10723,64407,4060,31,7.747956526,2.508540593,S690,Groceries
WH499,Houston,4672,23417,33,4914,8583,88,17,5,1,2.502872561,19063,43396,2637,3,1.020484854,3.743667117,S112,Groceries
WH389,Los Angeles,3446,28596,11,3285,3947,23,9,3,5,1.997238115,1997,93587,2877,23,2.259872627,1.352398616,S394,Apparel
WH461,Los Angeles,1690,18398,25,3229,4122,44,25,2,3,1.953448584,9138,36991,5531,16,8.118054924,4.663586956,S217,Electronics
WH192,San Francisco,1631,26153,78,4816,6095,23,10,7,2,2.845008401,11785,97759,9870,1,0.622786836,4.071847562,S187,Electronics
WH182,Chicago,2206,25968,60,1667,6579,51,6,8,1,0.655780196,12102,47230,12800,28,8.678952925,2.38880913,S258,Apparel
WH436,Miami,2199,15009,99,1668,2852,172,15,7,2,4.695498745,14154,87711,5337,12,2.654573788,4.880769414,S698,Furniture
WH263,Miami,4916,41105,14,2610,8025,176,18,5,1,2.887677154,1464,88765,5319,36,5.393536783,1.861886778,S410,Apparel
WH471,New York,1627,35748,48,3789,1788,285,17,3,3,4.384509206,5604,85842,11672,43,2.338957584,4.765918476,S946,Groceries
WH151,New York,989,22004,32,2784,7949,28,18,6,1,4.511183247,6945,47950,3471,46,8.438004655,1.533176054,S492,Automotive
WH294,Chicago,4251,30399,61,650,5765,215,23,10,3,3.608854939,7522,57399,8792,12,7.775085338,1.183492932,S607,Groceries
WH002,San Francisco,4387,14253,57,2175,5528,137,10,8,4,3.417115865,3692,49294,3766,16,5.951639964,3.330750756,S497,Electronics
WH074,Atlanta,1391,30357,7,1134,5475,27,14,9,4,3.411429355,2637,78225,7562,14,8.297316663,2.488891521,S627,Furniture
WH305,Denver,3581,34887,86,1545,3336,272,17,2,2,3.353108486,19453,58798,9161,30,8.098904574,4.040612175,S703,Furniture
WH194,Seattle,3874,28129,27,4349,2781,117,23,3,3,3.544704648,18641,81369,13910,7,1.672008178,2.784503647,S811,Furniture
WH232,San Francisco,688,15316,25,1463,1473,128,13,3,7,3.447686758,17786,90841,5956,4,6.004963251,4.304181751,S520,Automotive
WH041,New York,982,20994,79,3984,5676,148,24,2,5,3.426475553,19518,58802,6490,43,1.066766836,4.483220021,S388,Groceries
WH131,New York,4422,31687,38,828,6857,106,5,9,1,1.188280639,11125,80974,6039,29,5.671113777,1.442413063,S181,Groceries
WH370,Denver,3057,29413,58,930,6939,289,13,4,6,1.488618124,8501,33807,3176,18,9.329248312,1.867162882,S805,Groceries
WH225,San Francisco,1742,15069,75,4542,7019,176,12,4,1,3.980181025,12991,98732,14155,12,6.100235069,4.319110206,S504,Groceries
WH223,Los Angeles,618,38504,70,932,8698,120,11,10,2,4.452741578,13484,36651,1670,40,2.688845434,2.441640807,S591,Groceries
WH476,Los Angeles,1386,31646,78,1271,1613,238,13,8,5,4.147510847,17732,78191,7714,5,7.848355653,1.902888065,S225,Furniture
WH455,Seattle,2207,46394,27,3714,1621,103,6,9,1,4.82314896,19151,79701,559,31,9.578089923,4.169276965,S820,Groceries
WH370,Houston,1488,47706,33,3011,1163,120,13,3,6,1.723703757,3022,77440,2563,14,2.496927788,1.971136322,S744,Apparel
WH105,New York,4872,36005,40,2903,7135,2,6,3,6,2.545543687,4009,52838,13393,20,3.780814516,3.709456926,S152,Furniture
WH282,Chicago,1457,14777,37,922,7717,289,6,5,4,0.727564605,10811,56640,5499,6,4.738091339,2.418501437,S997,Electronics
WH489,Dallas,3312,18928,35,3091,4335,179,9,10,2,4.563695213,17190,60788,4973,20,7.229039763,4.916921907,S771,Groceries
WH376,San Francisco,2605,10338,91,5126,4701,294,25,4,3,0.778874847,6035,52334,7781,36,9.496487007,3.093092473,S260,Groceries
WH458,San Francisco,660,16847,7,1611,6400,76,7,3,1,2.466298202,6734,94183,14278,31,2.782415901,2.213741808,S188,Automotive
WH033,Miami,2300,20247,59,1459,2672,145,5,4,1,3.043127258,12513,88472,5813,41,8.158908208,4.568741113,S808,Electronics
WH125,Chicago,4977,41030,47,1299,6841,12,23,5,6,1.588994297,8656,91605,2296,11,9.482954803,1.857056279,S954,Electronics
WH080,Chicago,2200,28605,59,2474,9333,230,7,3,1,2.812439156,16645,30946,9292,20,4.466651716,3.653630394,S439,Furniture
WH286,Dallas,3424,41424,95,5119,8842,216,16,2,4,4.954139119,10280,72693,3078,26,1.013607709,4.347908655,S248,Apparel
WH120,Denver,2258,35457,42,2659,4499,158,5,4,5,1.528086491,15946,97396,515,40,1.531034923,1.897974679,S968,Electronics
WH092,San Francisco,3547,11927,78,5117,9398,184,20,4,5,2.69433009,1357,46592,9805,40,5.019153168,2.910831242,S799,Electronics
WH477,Atlanta,679,14825,71,1890,1359,248,22,7,1,1.000904968,15165,49608,7572,3,4.246762743,4.163821878,S684,Electronics
WH413,Seattle,3412,32468,21,2576,1753,111,25,4,7,0.562359134,5445,52720,4987,29,1.286293103,2.35831657,S899,Automotive
WH326,San Francisco,1210,49101,90,1626,9166,210,10,4,4,0.921158586,17697,55520,11152,7,8.369369681,3.013636061,S816,Electronics
WH078,San Francisco,2466,49895,46,2107,1248,42,8,4,2,1.654442935,11376,99202,4433,14,8.641811555,2.089979963,S436,Groceries
WH055,Miami,849,40691,78,4475,7426,160,10,8,5,1.647930205,14310,72838,2042,4,6.541362593,4.690850577,S126,Apparel
WH033,Seattle,620,36935,33,3801,7580,299,25,9,5,3.737687144,18414,99965,8482,30,9.130371482,4.838445803,S261,Apparel
WH243,Seattle,2270,11850,23,575,1848,181,11,4,6,2.915888498,2588,59428,8173,10,8.773904519,4.036400364,S222,Automotive
WH388,San Francisco,2202,48273,46,2947,5667,92,24,10,2,1.775861926,18885,84686,13036,39,8.693970319,4.41777095,S270,Apparel
WH482,Seattle,2343,44472,67,1171,7410,246,15,3,2,1.51177281,7102,59904,3547,1,3.273032649,3.481382809,S763,Electronics
WH387,Los Angeles,4174,12979,75,3605,2555,45,25,10,6,3.38757286,4433,45894,12383,12,2.295605677,1.389213291,S807,Furniture
WH259,Seattle,4648,15598,59,3271,7125,11,15,2,2,0.905879266,5751,38658,12666,26,6.618018795,1.433822776,S322,Groceries
WH049,Chicago,3577,45556,97,2582,6669,195,7,8,3,1.188029505,1133,89377,9913,28,6.15527113,4.468922131,S825,Furniture
WH322,Chicago,1502,44913,79,2782,1245,81,11,5,4,3.861235789,12304,39104,1408,15,7.821841336,3.595833679,S134,Furniture
WH131,Denver,2556,15965,14,886,9931,221,19,9,7,4.287318368,16289,98956,8362,0,7.256458116,1.192385858,S516,Furniture
WH264,Atlanta,3807,29822,63,3546,7646,47,12,10,3,2.534093179,2827,57378,5546,28,4.886547723,2.65034154,S314,Electronics
WH371,Houston,929,44786,27,2849,9526,124,15,7,3,3.821299106,16282,87397,11137,1,0.835679119,1.602198538,S391,Apparel
WH183,Houston,4448,30810,7,2335,5763,138,13,5,1,4.660653791,8728,90309,14870,17,7.223295683,3.980831295,S518,Electronics
WH329,New York,1747,36489,50,4930,1695,113,20,5,3,1.728862595,12353,95132,4864,19,6.210058705,2.72941637,S927,Apparel
WH232,Dallas,519,34100,86,3854,2065,273,16,2,4,4.444190954,6332,96949,6145,31,2.639036373,3.201119647,S278,Groceries
WH488,Denver,1769,18687,67,2744,6256,237,18,7,6,2.828759508,7616,63690,14003,28,3.182157067,3.228623325,S782,Apparel
WH344,Houston,2073,36001,55,894,8141,262,21,8,2,4.106776602,1476,34990,14534,3,6.083528641,4.126618245,S123,Furniture
WH060,New York,969,26229,17,1093,2127,206,7,4,3,3.591684625,4565,51567,2540,35,4.990166015,3.068268638,S231,Furniture
WH194,Dallas,1204,43074,90,1222,8904,244,19,9,5,3.984802626,6812,43468,2324,3,8.941255065,4.233132086,S735,Groceries
WH489,Seattle,3853,13948,12,1343,5090,112,15,3,4,1.197049339,8099,40856,6692,45,1.999041772,3.538809225,S941,Apparel
WH470,New York,2498,23341,77,800,4404,107,25,8,7,3.042653915,14588,45456,1950,17,2.836929063,3.844236617,S433,Furniture
WH175,Los Angeles,2366,25357,66,3994,1770,141,15,10,3,1.824163964,8940,92482,9011,38,4.735391192,2.819534602,S228,Furniture
WH419,San Francisco,2492,33279,5,598,4399,89,19,8,3,2.865143964,18414,55080,11372,29,3.869478428,1.517165981,S783,Automotive
WH246,Chicago,2610,42413,98,3115,3294,289,15,10,2,1.823740514,12091,71855,7749,5,8.629357553,2.990195131,S646,Apparel
WH401,Atlanta,3157,45610,53,3940,4202,270,8,5,2,2.639038387,12957,99706,14529,5,2.15457294,4.772301859,S219,Groceries
WH079,Dallas,3347,19511,78,878,3689,210,24,6,5,2.345357118,11709,55163,12230,44,0.86633318,2.087799942,S581,Automotive
WH113,Houston,1875,24950,90,4065,1713,298,23,9,2,4.945969766,1887,48912,14635,24,6.44062088,2.094185523,S164,Apparel
WH482,Dallas,654,48570,82,2773,2042,268,25,6,6,3.057039787,4473,37339,1954,19,1.331191757,1.17738811,S980,Furniture
WH095,Denver,4991,22805,94,2525,9049,126,11,5,2,0.882523775,3272,79488,13564,48,8.559356588,4.01398502,S320,Furniture
WH387,Chicago,1889,30630,92,2271,3138,63,11,9,4,3.66024587,6237,91701,13797,19,6.999616025,1.625875066,S759,Groceries
WH189,Los Angeles,939,46548,28,4581,1312,150,9,9,2,4.225814355,2946,96247,5515,5,4.229580651,3.634583879,S286,Electronics
WH039,New York,2347,46837,21,2434,2906,88,17,7,3,1.192018605,5506,93079,9020,24,4.713906096,2.253177114,S445,Electronics
WH233,Atlanta,4434,20120,77,4997,9664,97,20,8,2,2.369220537,5212,65546,7969,18,5.478201927,3.025049086,S355,Groceries
WH303,Miami,1602,12348,7,4403,4423,268,5,9,3,3.422803142,5046,98673,13352,42,9.035054142,2.013285407,S139,Electronics
WH105,Miami,2936,23562,22,5034,9521,55,9,3,6,3.118462986,19875,82925,1132,36,2.261846616,4.697287305,S372,Furniture
WH018,Atlanta,2437,36928,18,1217,4990,224,5,4,4,2.707463618,10790,75859,12841,24,2.629567307,2.808186401,S656,Furniture
WH350,Miami,2652,20238,82,1374,5892,198,21,2,7,3.499859468,15998,44162,5669,9,8.106075919,3.366766313,S230,Furniture
WH287,Atlanta,4693,22130,97,4306,9883,90,24,4,1,3.576786834,17787,38920,4640,2,7.175892317,2.721773369,S129,Automotive
WH354,Los Angeles,2929,12910,87,2193,6796,63,23,4,1,2.45440306,3528,93422,10857,24,4.861912175,1.373795086,S519,Electronics
WH395,Dallas,4860,36306,48,5137,1101,179,6,6,1,3.552012206,2942,55459,3679,43,3.362482117,4.441950849,S157,Automotive
WH344,Denver,985,43485,83,474,9816,113,5,6,7,1.206092407,11804,96689,3414,9,4.930170323,3.609003181,S532,Apparel
WH418,Chicago,3322,24388,6,2770,6836,105,22,3,6,3.022352479,16588,90331,9369,28,4.474620031,1.779589279,S476,Apparel
WH181,Denver,3264,49628,93,2646,3316,177,10,6,1,2.829388888,19408,65921,4478,29,4.046199836,3.378019169,S627,Apparel
WH128,Seattle,1410,25647,33,2117,7919,16,25,8,5,0.995226178,13314,68512,2177,10,3.012173699,3.818971136,S984,Automotive
WH404,Atlanta,1319,22844,52,4559,5863,226,13,3,6,4.491098465,3352,74534,12320,22,8.925491728,4.62231879,S305,Furniture
WH354,Atlanta,3013,15190,94,2774,8883,255,14,2,1,2.383043141,13477,68302,8696,7,7.574522884,4.998258191,S306,Furniture
WH106,Los Angeles,3765,36936,55,3292,6925,300,9,3,1,4.259642944,3612,62523,5023,6,0.990514678,3.062051986,S154,Apparel
WH257,Houston,1169,35367,74,3503,6622,133,11,3,6,2.168005386,18442,79946,6998,25,5.748849669,4.299019568,S198,Electronics
WH305,New York,1969,49519,68,1594,1686,46,24,2,6,4.1458678,6988,67751,2877,27,9.617225294,3.020691257,S755,Apparel
WH090,Seattle,3512,38384,42,3056,1239,57,11,2,5,1.553747771,18938,81104,11559,38,6.524725715,1.770556984,S775,Electronics
WH033,Atlanta,2845,19590,18,3243,8936,294,23,4,2,3.677748309,9593,40414,6891,14,5.660305572,3.142890988,S944,Automotive
WH382,Miami,4258,27619,91,4740,5312,13,20,6,7,4.727865362,4776,80668,12277,42,3.571937743,4.12324692,S417,Automotive
WH001,Miami,3807,13306,59,3440,4503,63,24,10,1,1.544249907,18195,42372,9484,4,2.280495223,1.241844083,S372,Furniture
WH330,Denver,4403,31326,52,4734,3880,18,7,10,4,1.758340306,2080,77444,6426,23,6.994654001,1.662228753,S317,Electronics
WH080,Seattle,4039,17616,40,1966,3353,55,16,5,1,1.623880837,15539,82812,4666,30,4.82714299,1.197419527,S892,Furniture
WH488,Dallas,4067,10940,90,2729,4596,260,12,7,2,1.406387657,6967,46080,11725,8,7.93247002,1.788683689,S622,Automotive
WH201,Los Angeles,4179,29722,45,964,4124,253,10,6,1,1.479340517,9487,55053,7488,0,3.581714604,1.99922695,S520,Groceries
WH056,Atlanta,4278,38006,80,3427,9286,278,19,5,3,2.823103566,14959,39851,11699,48,9.085423139,3.557549836,S396,Electronics
WH046,Los Angeles,4545,25207,98,2036,7029,231,8,2,6,2.658175319,5008,90308,12688,45,7.241184774,1.301744732,S801,Apparel
WH442,Chicago,544,11085,46,4553,9535,275,20,9,3,1.777482496,14270,59227,6211,50,8.20247062,1.86497577,S407,Groceries
WH209,Denver,3328,15557,13,3027,7683,216,22,2,3,1.371612728,6652,93013,8795,28,3.081702747,3.243556194,S544,Groceries
WH390,Houston,1124,39339,79,4854,1927,179,16,7,1,1.405686202,15148,30515,14579,20,2.733842988,2.340676941,S503,Groceries
WH042,Chicago,2279,46299,51,1930,4016,163,24,10,7,3.270863468,6101,72812,12458,30,3.646862302,1.013825172,S569,Automotive
WH414,Dallas,2358,26390,76,2655,1413,140,23,6,7,2.658152207,7744,45715,5653,21,2.996627471,1.898483055,S995,Groceries
WH390,Miami,1376,48768,20,5004,3285,199,24,2,1,3.994000312,16192,64485,9028,32,4.566255197,3.509173281,S742,Furniture
WH001,Chicago,3721,33682,95,3835,1330,0,14,6,7,1.059077124,14240,60781,6406,41,4.227656217,4.438574269,S565,Automotive
WH266,Miami,4874,37502,39,4415,6771,6,11,8,1,3.99019034,1217,87222,8138,15,9.454588072,2.830472259,S851,Groceries
WH039,Chicago,4264,45076,80,676,5645,117,13,4,3,4.59575943,18049,35183,2828,11,6.895952086,3.714721487,S120,Groceries
WH037,Miami,2570,27852,50,3036,2353,132,16,5,6,2.165717862,7710,72382,1039,45,1.407736311,4.603616447,S602,Electronics
WH500,Dallas,4798,39543,14,2861,5015,136,23,8,4,4.65045581,8082,70972,13117,26,4.900964559,2.980073155,S966,Automotive
WH361,Houston,3845,34874,97,1896,9719,126,12,6,3,4.072614419,14922,67556,13314,11,8.415299806,2.766927195,S598,Electronics
WH391,Miami,2671,49979,51,2527,1288,25,18,6,2,4.562037056,12654,36034,3570,20,3.703467467,4.406367856,S102,Automotive
WH027,New York,4759,16996,85,484,3694,119,17,9,2,0.830919877,7961,96825,14110,41,3.5604196,3.203390028,S131,Automotive
WH141,Miami,659,46742,82,4727,8771,178,8,10,5,3.78070643,13170,42631,3430,6,3.436632473,3.091611397,S798,Furniture
WH398,Atlanta,1859,22704,60,3467,1103,15,18,2,6,4.792046456,4727,79114,7642,36,5.049971077,1.395384766,S637,Automotive
WH488,Miami,734,25240,49,2644,3149,201,17,4,3,2.351000247,5249,82106,1900,45,3.311114917,2.340524177,S853,Groceries
WH122,Dallas,4100,17206,91,5099,4137,155,12,7,2,3.935873608,7229,52305,10178,18,3.899368335,4.599728316,S668,Apparel
WH202,Chicago,2011,13524,74,3949,2891,26,21,5,2,2.42655564,12644,59432,3492,33,7.690245453,4.97574329,S469,Automotive
WH475,Atlanta,4328,20088,93,1522,4595,97,19,6,3,1.225912773,17571,50887,7604,31,1.356506068,4.441731823,S401,Furniture
WH164,Atlanta,1130,42992,13,5141,3431,264,14,2,5,1.244817964,4735,62347,14388,17,4.628427681,3.403492203,S103,Apparel
WH163,Denver,691,31692,23,2105,5715,20,7,7,6,0.517357453,9854,72227,13762,20,5.806374136,3.612657036,S441,Apparel
WH494,New York,3139,24561,92,1614,8588,76,24,4,2,3.203501208,9978,63111,14532,28,3.49665054,3.89391707,S187,Automotive
WH109,Miami,4011,18705,83,4098,5323,9,11,2,5,2.965608913,7073,46152,13970,7,6.362546427,2.212309467,S408,Automotive
WH088,Denver,4839,11626,75,3605,6480,221,12,4,4,2.592628486,5702,87571,3342,35,9.661415589,3.722192403,S967,Furniture
WH476,New York,2870,26572,57,3549,6519,214,9,5,6,2.336947165,13100,54988,3192,36,6.182588307,4.557443631,S688,Automotive
WH102,Chicago,2523,39627,81,5037,8354,225,7,2,4,2.471072204,5718,85322,11671,18,3.910110157,1.470648813,S990,Apparel
WH288,Los Angeles,2981,12566,89,2203,2543,194,12,7,5,1.504996938,12316,81725,8711,49,1.639307245,3.319409969,S739,Apparel
WH121,Dallas,3594,13566,18,4135,5103,185,19,5,1,4.295808529,12058,82199,11764,24,8.387694633,4.200777496,S237,Electronics
WH340,Miami,2753,16172,22,4022,6594,72,14,6,4,1.167104954,3931,54693,5384,29,6.427763384,4.078715225,S604,Apparel
WH088,Los Angeles,4772,43571,47,1457,5640,192,5,5,1,3.757307676,13210,40177,3013,9,4.82762099,4.958809284,S829,Groceries
WH056,Dallas,3636,38021,37,3453,5913,157,11,8,6,2.42935046,2774,50893,10625,14,4.500107242,3.653985948,S990,Groceries
WH222,Dallas,2049,47494,88,2313,5031,33,16,5,3,1.79131376,14434,44699,14244,48,4.966188864,4.502880734,S496,Automotive
WH034,San Francisco,2843,28144,49,1770,1507,274,20,2,5,1.051453584,7977,87773,1059,27,7.546464976,4.341844174,S849,Apparel
WH347,Houston,2161,40991,76,1243,8371,26,20,2,3,3.928782893,17666,50718,10537,34,1.590310224,4.128188612,S662,Automotive
WH026,Los Angeles,3723,38342,66,4495,1051,93,8,5,2,3.608916007,17265,71632,6921,9,9.95979634,2.050791925,S281,Electronics
WH007,Chicago,3451,38157,96,1006,6401,24,9,10,4,2.834905661,7002,65441,4023,33,5.381435112,4.960373361,S919,Apparel
WH012,Seattle,2493,26879,99,1158,7689,12,16,6,1,0.594672254,3849,40274,4042,43,4.101352471,4.401669488,S405,Electronics
WH341,Denver,3796,20650,32,3992,2125,26,16,7,7,1.324449434,10068,53322,5006,30,7.227393538,2.989309728,S219,Electronics
WH155,San Francisco,3095,43468,53,4848,3841,119,12,6,6,3.190223156,10594,64914,5244,41,2.464006799,4.040233849,S345,Groceries
WH493,Denver,4116,44883,54,4610,2702,88,6,8,6,3.62105053,12300,34868,2152,45,9.734140683,3.026274515,S995,Electronics
WH399,Denver,4248,14161,72,2155,3942,117,22,2,4,4.408079852,10536,52943,6394,48,3.879547446,3.640154573,S685,Furniture
WH495,Los Angeles,3706,27574,81,3087,4339,196,9,8,3,3.303135835,17898,86437,2248,44,2.125367513,2.110818675,S527,Electronics
WH364,Dallas,3213,49723,17,4295,3474,185,19,7,5,3.119406667,10859,75884,14319,2,7.273631317,2.05277168,S617,Apparel
WH499,Seattle,2809,14956,87,1747,1314,247,14,7,2,4.805806645,17141,70859,13579,24,8.834459769,2.062332633,S254,Apparel
WH105,Houston,565,28387,60,3432,3326,247,22,6,2,2.313902434,9132,70908,14296,21,8.062124545,2.863159633,S732,Electronics
WH434,Los Angeles,3728,43242,52,3990,9095,171,18,9,6,2.838561473,13126,51895,13685,13,4.700415857,4.777678406,S839,Automotive
WH493,Los Angeles,4265,18618,23,4000,2188,276,17,10,3,2.217011727,13257,95822,14977,3,1.041215012,4.354504452,S679,Apparel
WH145,Chicago,2215,35201,12,2421,8757,187,6,5,5,2.140447526,12612,50560,1619,47,5.362873253,1.138242528,S392,Electronics
WH248,Atlanta,4784,13013,90,1437,2642,211,19,8,5,4.25183831,4433,34112,2674,25,7.710305015,4.926009064,S768,Electronics
WH100,Los Angeles,2217,34249,85,2642,8678,283,10,6,2,1.121275665,6848,50313,13675,29,6.840928649,4.50845414,S143,Electronics
WH028,New York,2543,27228,45,2562,1941,54,9,7,1,2.160616782,4967,56665,11925,38,7.353017486,2.439752132,S996,Groceries
WH286,Denver,4127,15638,75,2375,1780,255,5,3,6,4.027623835,14093,58513,4045,44,4.118159366,1.857141591,S923,Apparel
WH060,New York,4630,44641,34,3420,8715,82,24,4,4,1.821310098,7152,57943,12031,19,4.615336796,3.5311856,S355,Groceries
WH274,Los Angeles,4994,30671,85,1228,8855,153,6,5,5,1.839085197,16446,70245,1274,3,9.813247273,2.644791618,S740,Furniture
WH319,New York,1206,12227,41,4118,9874,250,24,5,4,3.432728195,16050,55373,8770,39,8.344138927,4.754483311,S952,Apparel
WH303,Denver,2850,47174,33,3908,2912,260,12,4,2,4.905858342,18838,58194,1891,15,5.13582629,1.371773533,S591,Apparel
WH258,Miami,1017,13932,72,4062,7929,222,7,6,7,1.87309308,7226,62446,9521,47,3.35607117,3.042822354,S154,Automotive
WH239,Chicago,610,29570,41,1183,7865,141,22,3,1,4.750081787,17196,43540,717,7,2.479564328,4.921400243,S120,Automotive
WH162,Chicago,2247,40767,80,4189,5348,63,12,10,4,3.445327306,6053,53533,11638,27,3.803589725,4.94394949,S831,Apparel
WH361,Seattle,3672,40379,92,2652,8655,211,13,6,4,4.236001183,19104,63188,11161,50,6.898189429,4.138287321,S383,Electronics
WH190,Dallas,3101,43489,59,898,1225,259,10,9,2,3.736437997,7690,81760,3512,5,5.842065866,2.599591064,S434,Groceries
WH082,New York,739,35493,84,4749,1854,48,9,8,5,0.724745402,2900,74847,763,48,5.912708591,3.076839609,S405,Electronics
WH326,San Francisco,1966,34704,39,2828,2245,99,19,6,4,3.548535284,7944,90169,11357,43,5.667817304,2.432217032,S979,Apparel
WH448,Denver,1499,38854,64,5099,4985,21,8,4,6,4.461434466,17196,33565,7278,44,4.337213894,4.248766052,S651,Electronics
WH309,Houston,1500,10630,76,4869,2813,107,13,3,3,0.995197989,19353,97981,10524,39,5.278446596,4.145348647,S268,Electronics
WH067,San Francisco,2199,38735,34,2979,4946,122,8,4,4,2.110678859,11826,45475,3479,47,1.346528752,3.626660278,S955,Apparel
WH351,San Francisco,634,25823,62,705,1694,276,11,6,7,3.239151546,17306,44147,917,6,8.874878129,1.542891233,S831,Apparel
WH386,Chicago,535,21576,86,3663,7238,156,21,6,5,1.564553579,4079,64769,1041,26,0.516618523,4.152017311,S648,Groceries
WH083,Miami,2910,14643,17,3448,3837,91,16,7,7,2.729632231,4303,84542,5330,11,8.077496439,3.881242229,S315,Groceries
WH113,San Francisco,2373,18600,91,1542,4806,163,15,2,5,4.728511445,5680,92064,3070,48,6.882992849,4.965105922,S178,Electronics
WH057,Chicago,2182,43289,28,712,3908,138,23,10,2,2.616694546,8634,67124,13556,35,5.35258547,1.335684091,S221,Groceries
WH145,New York,4357,47701,97,1521,5909,119,20,10,5,3.938248856,1581,65281,5792,43,5.445214352,1.829304852,S830,Groceries
WH181,Miami,3110,48667,77,3322,4584,47,8,4,7,3.786971377,4070,88426,9536,29,1.452852621,4.916439341,S663,Groceries
WH068,Seattle,1636,17858,61,4170,1699,9,6,4,3,0.683904258,9501,87751,5919,38,8.474155737,4.142397983,S961,Apparel
WH204,Seattle,1821,12831,48,536,8828,204,23,9,6,1.298125294,7219,78229,3575,24,7.006857777,1.150412777,S966,Electronics
WH047,Dallas,2309,23096,6,3122,7267,254,16,7,3,4.222160452,6377,84305,14269,15,2.153668979,2.355345438,S185,Automotive
